prompt Inserindo dados em ST_MODELO_DISPOSITIVO...
insert into ST_MODELO_DISPOSITIVO (ID_MODELO_DISPOSITIVO, S_NOME, S_ATIVO)
values (1, 'MTC 700 ADV', 'S');
insert into ST_MODELO_DISPOSITIVO (ID_MODELO_DISPOSITIVO, S_NOME, S_ATIVO)
values (2, 'MTC 700 PRO', 'S');
insert into ST_MODELO_DISPOSITIVO (ID_MODELO_DISPOSITIVO, S_NOME, S_ATIVO)
values (3, 'MTC 550 FULL', 'S');
insert into ST_MODELO_DISPOSITIVO (ID_MODELO_DISPOSITIVO, S_NOME, S_ATIVO)
values (4, 'MXT 140', 'S');
insert into ST_MODELO_DISPOSITIVO (ID_MODELO_DISPOSITIVO, S_NOME, S_ATIVO)
values (6, 'MXT 101', 'N');
insert into ST_MODELO_DISPOSITIVO (ID_MODELO_DISPOSITIVO, S_NOME, S_ATIVO)
values (7, 'MXT 120', 'N');
insert into ST_MODELO_DISPOSITIVO (ID_MODELO_DISPOSITIVO, S_NOME, S_ATIVO)
values (8, 'MXT 141', 'S');
commit;
prompt 7 Registros inseridos
prompt Inserindo dados em ST_DISPOSITIVO...
insert into ST_DISPOSITIVO (ID_DISPOSITIVO, ID_MODELO_DISPOSITIVO, S_NUMERO_SERIE, S_ATIVO)
values (1, 1, '6401571', 'N');
insert into ST_DISPOSITIVO (ID_DISPOSITIVO, ID_MODELO_DISPOSITIVO, S_NUMERO_SERIE, S_ATIVO)
values (2, 1, '6401583', 'S');
insert into ST_DISPOSITIVO (ID_DISPOSITIVO, ID_MODELO_DISPOSITIVO, S_NUMERO_SERIE, S_ATIVO)
values (3, 1, '6401596', 'S');
insert into ST_DISPOSITIVO (ID_DISPOSITIVO, ID_MODELO_DISPOSITIVO, S_NUMERO_SERIE, S_ATIVO)
values (4, 1, '6401616', 'S');
insert into ST_DISPOSITIVO (ID_DISPOSITIVO, ID_MODELO_DISPOSITIVO, S_NUMERO_SERIE, S_ATIVO)
values (5, 1, '6404089', 'S');
insert into ST_DISPOSITIVO (ID_DISPOSITIVO, ID_MODELO_DISPOSITIVO, S_NUMERO_SERIE, S_ATIVO)
values (6, 2, '6405788', 'S');
insert into ST_DISPOSITIVO (ID_DISPOSITIVO, ID_MODELO_DISPOSITIVO, S_NUMERO_SERIE, S_ATIVO)
values (7, 2, '6405791', 'S');
insert into ST_DISPOSITIVO (ID_DISPOSITIVO, ID_MODELO_DISPOSITIVO, S_NUMERO_SERIE, S_ATIVO)
values (8, 2, '6405792', 'S');
insert into ST_DISPOSITIVO (ID_DISPOSITIVO, ID_MODELO_DISPOSITIVO, S_NUMERO_SERIE, S_ATIVO)
values (9, 2, '6405794', 'S');
insert into ST_DISPOSITIVO (ID_DISPOSITIVO, ID_MODELO_DISPOSITIVO, S_NUMERO_SERIE, S_ATIVO)
values (10, 2, '6405795', 'S');
insert into ST_DISPOSITIVO (ID_DISPOSITIVO, ID_MODELO_DISPOSITIVO, S_NUMERO_SERIE, S_ATIVO)
values (11, 3, '856939', 'S');
insert into ST_DISPOSITIVO (ID_DISPOSITIVO, ID_MODELO_DISPOSITIVO, S_NUMERO_SERIE, S_ATIVO)
values (12, 3, '856943', 'S');
insert into ST_DISPOSITIVO (ID_DISPOSITIVO, ID_MODELO_DISPOSITIVO, S_NUMERO_SERIE, S_ATIVO)
values (13, 3, '856971', 'S');
insert into ST_DISPOSITIVO (ID_DISPOSITIVO, ID_MODELO_DISPOSITIVO, S_NUMERO_SERIE, S_ATIVO)
values (14, 3, '856990', 'S');
insert into ST_DISPOSITIVO (ID_DISPOSITIVO, ID_MODELO_DISPOSITIVO, S_NUMERO_SERIE, S_ATIVO)
values (15, 3, '856995', 'S');
insert into ST_DISPOSITIVO (ID_DISPOSITIVO, ID_MODELO_DISPOSITIVO, S_NUMERO_SERIE, S_ATIVO)
values (16, 4, '8294610', 'S');
insert into ST_DISPOSITIVO (ID_DISPOSITIVO, ID_MODELO_DISPOSITIVO, S_NUMERO_SERIE, S_ATIVO)
values (17, 4, '8294697', 'S');
insert into ST_DISPOSITIVO (ID_DISPOSITIVO, ID_MODELO_DISPOSITIVO, S_NUMERO_SERIE, S_ATIVO)
values (18, 4, '8294861', 'S');
insert into ST_DISPOSITIVO (ID_DISPOSITIVO, ID_MODELO_DISPOSITIVO, S_NUMERO_SERIE, S_ATIVO)
values (19, 4, '8294870', 'N');
insert into ST_DISPOSITIVO (ID_DISPOSITIVO, ID_MODELO_DISPOSITIVO, S_NUMERO_SERIE, S_ATIVO)
values (20, 4, '8294878', 'N');
commit;
prompt 20 Registros inseridos
prompt Inserindo dados em ST_EMPRESA...
insert into ST_EMPRESA (ID_EMPRESA, S_NOME, S_ATIVO)
values (1, 'Empresa 1', 'S');
insert into ST_EMPRESA (ID_EMPRESA, S_NOME, S_ATIVO)
values (2, 'Empresa 2', 'S');
insert into ST_EMPRESA (ID_EMPRESA, S_NOME, S_ATIVO)
values (3, 'Empresa 3', 'S');
insert into ST_EMPRESA (ID_EMPRESA, S_NOME, S_ATIVO)
values (4, 'Empresa 4', 'S');
insert into ST_EMPRESA (ID_EMPRESA, S_NOME, S_ATIVO)
values (5, 'Empresa 5', 'S');
commit;
prompt 5 Registros inseridos
prompt Inserindo dados em ST_DISPOSITIVO_EMPRESA...
insert into ST_DISPOSITIVO_EMPRESA (ID_DISPOSITIVO_EMPRESA, ID_DISPOSITIVO, ID_EMPRESA, D_INICIO_USO, D_FIM_USO)
values (1, 10, 5, to_date('01-03-2019 21:35:11', 'dd-mm-yyyy hh24:mi:ss'), to_date('01-03-2020 21:35:11', 'dd-mm-yyyy hh24:mi:ss'));
insert into ST_DISPOSITIVO_EMPRESA (ID_DISPOSITIVO_EMPRESA, ID_DISPOSITIVO, ID_EMPRESA, D_INICIO_USO, D_FIM_USO)
values (2, 10, 4, to_date('05-03-2020 21:35:11', 'dd-mm-yyyy hh24:mi:ss'), null);
insert into ST_DISPOSITIVO_EMPRESA (ID_DISPOSITIVO_EMPRESA, ID_DISPOSITIVO, ID_EMPRESA, D_INICIO_USO, D_FIM_USO)
values (3, 5, 1, to_date('01-04-2020 21:35:11', 'dd-mm-yyyy hh24:mi:ss'), null);
insert into ST_DISPOSITIVO_EMPRESA (ID_DISPOSITIVO_EMPRESA, ID_DISPOSITIVO, ID_EMPRESA, D_INICIO_USO, D_FIM_USO)
values (4, 15, 1, to_date('01-04-2020 21:35:11', 'dd-mm-yyyy hh24:mi:ss'), null);
insert into ST_DISPOSITIVO_EMPRESA (ID_DISPOSITIVO_EMPRESA, ID_DISPOSITIVO, ID_EMPRESA, D_INICIO_USO, D_FIM_USO)
values (5, 11, 2, to_date('01-05-2020 21:35:11', 'dd-mm-yyyy hh24:mi:ss'), sysdate);
commit;
prompt 5 Registro inserido

set feedback on
set define on
prompt Done.