<?xml version = '1.0' encoding = 'UTF-8'?>
<relationalModel class="oracle.dbtools.crest.model.design.relational.RelationalDesign" name="Relational_1" id="271DF658-EA56-B41F-1AD5-D8FBD50AC51F" mainViewID="47F1188B-3028-6D2D-BA87-0AC8D52E2703">
<createdBy>lucia</createdBy>
<createdTime>2021-09-20 14:34:31 UTC</createdTime>
<ownerDesignName>Trabalho Maquinas</ownerDesignName>
<shouldBeOpen>false</shouldBeOpen>
<selectedRDBMSSite>32076570-2523-435C-2E92-BF29817DFF70</selectedRDBMSSite>
</relationalModel>