<?xml version = '1.0' encoding = 'UTF-8'?>
<FKIndexAssociation class="oracle.dbtools.crest.model.design.relational.FKIndexAssociation" directorySegmentName="seg_0" id="5F5E2E3F-BA86-FB34-E7CF-732FBFDD1847" containerWithKeyObject="4F6C0F12-443F-AC56-1160-92FE7DCCC65E" localFKIndex="71D71D65-308D-DBA3-635D-507495A52C82" name="DADOS_DIA_VEICULO_FK">
<createdBy>lucia</createdBy>
<createdTime>2021-09-20 14:47:53 UTC</createdTime>
<ownerDesignName>Trabalho Maquinas</ownerDesignName>
<referredTableLongName>VEICULO</referredTableLongName>
<deleteRule>NO ACTION</deleteRule>
<referredTableID>DC26A0F4-9703-F4F0-EBAA-EF0136AF5E17</referredTableID>
<keyObject>DEE0763D-64DA-8DC4-D7FF-6B47E8D0DACA</keyObject>
<referredKeyID>DEE0763D-64DA-8DC4-D7FF-6B47E8D0DACA</referredKeyID>
<mandatory>true</mandatory>
<refColNames>ID_VEICULO</refColNames>
<transferable>true</transferable>
<rely>false</rely>
<columnDependencyConstraintGenerateInDDL>true</columnDependencyConstraintGenerateInDDL>
</FKIndexAssociation>